query_run_id,run_date,database_or_platform,stream,query_block,exact_query,searched_fields,year_from,year_to,language_filter,document_type_filter,other_filters,hit_count,export_file,status,notes
DISCOVERY-WEB-001,2026-09-20,Web search,A,QB2b,"\"Towards robotizing the processes of testing lithium-ion batteries\" DOI",web index,,,,,,,"",discovery_only,"Exact-title discovery; not a core database run"
DISCOVERY-WEB-002,2026-09-20,Web search,A,QB2b,"\"Advanced robotics for automated EV battery testing using electrochemical impedance spectroscopy\" DOI",web index,,,,,,,"",discovery_only,"Exact-title discovery; not a core database run"
DISCOVERY-WEB-003,2026-09-20,Web search,A,QB4,"\"10.1016/j.aei.2024.102596\"",web index,,,,,,,"",discovery_only,"Exact-DOI metadata discovery; not a core database run"
DISCOVERY-WEB-004,2026-09-20,Web search,A,QB4,"\"10.1016/j.jmsy.2025.10.008\"",web index,,,,,,,"",discovery_only,"Exact-DOI metadata discovery; not a core database run"
DISCOVERY-WEB-005,2026-09-20,Web search,A,QB4,"\"10.1016/j.procir.2024.10.176\"",web index,,,,,,,"",discovery_only,"Exact-DOI metadata discovery; not a core database run"
DISCOVERY-WEB-006,2026-09-20,Web search,A,QB4,"\"10.1109/TASE.2024.3477918\"",web index,,,,,,,"",discovery_only,"Exact-DOI metadata discovery; not a core database run"
DISCOVERY-WEB-007,2026-09-20,Web search,D,seed_company,"site:spirit-ai.com/en/news/23 CATL humanoid battery high voltage testing Xiaomo",web index,,,,,,,"",discovery_only,"Direct-company source discovery; publication date still requires verification"
ARXIV-SEED-001,2026-09-20,arXiv,A,QB4,"arXiv:2309.13746; arXiv:2410.10729; arXiv:2503.04007; arXiv:2505.13889",identifier lookup,2000,2026,English,preprint,"known Week 06 identifiers",4,"",seed_metadata_verified,"Metadata and abstract checked on arXiv; peer-reviewed versions must be linked where available"
OA-QB2-PILOT-01,2026-09-20,OpenAlex,A,QB2b,"filter=title.search:testing lithium-ion batteries,from_publication_date:2000-01-01,to_publication_date:2026-09-20; per-page=25","title",2000,2026,,all,,575,"",pilot_too_broad,"Only first 25 inspected; query is not accepted as a final screening query because most results concern electrochemical or abuse testing without robotics"
OA-QB2B-01,2026-09-20,OpenAlex,A,QB2b,"filter=title.search:robotic battery testing,from_publication_date:2000-01-01,to_publication_date:2026-09-20; per-page=25","title",2000,2026,,all,,6,"",completed_initial_screen,"Two closest robotic battery-testing papers, one duplicate record and three false positives about batteries used by robots/landers"
OA-QB2A-01,2026-09-20,OpenAlex,A,QB2a,"filter=title.search:battery pack end-of-line,from_publication_date:2000-01-01,to_publication_date:2026-09-20; per-page=25","title",2000,2026,,all,,0,"",completed_no_hits,"Zero exact title-search hits is a query result, not proof that no manufacturing Pack EoL literature exists; broader field searches and other databases remain required"
OA-QB3-01,2026-09-20,OpenAlex,A,QB3,"filter=title.search:battery connector robotic,from_publication_date:2000-01-01,to_publication_date:2026-09-20; per-page=25","title",2000,2026,,all,,1,"",completed_initial_screen,"One result: robotic connector disassembly in end-of-life EV batteries; cross-lifecycle analogue, not manufacturing Pack EoL"
OA-QB2A-FIELD-02,2026-09-20,OpenAlex,A,QB2a,"search=battery pack end-of-line robot automation manipulation; filter=from_publication_date:2000-01-01,to_publication_date:2026-09-20; per-page=20","full text",2000,2026,,all,,840,"",pilot_too_broad,"OpenAlex interpreted the string as a broad full-text search; the first 20 results were dominated by recycling and unrelated robotics, so this is not accepted as a final QB2a run"
OA-QB2B-FIELD-02,2026-09-20,OpenAlex,A,QB2b,"search=battery pack testing robot manipulation; filter=from_publication_date:2000-01-01,to_publication_date:2026-09-20; per-page=20","full text",2000,2026,,all,,1894,"",pilot_too_broad,"The first 20 results were dominated by battery recycling, robots' own batteries and general robotics; use narrower Boolean-capable database syntax for the formal run"
OA-QB3-FIELD-02,2026-09-20,OpenAlex,A,QB3,"search=battery connector plug harness robotic automation; filter=from_publication_date:2000-01-01,to_publication_date:2026-09-20; per-page=20","full text",2000,2026,,all,,851,"",pilot_too_broad,"The first 20 results mixed automotive harness automation, battery disassembly and unrelated connector/battery records; S017 was recovered but no direct manufacturing Pack EoL study was identified in the inspected set"
OA-QB3-FIELD-03,2026-09-20,OpenAlex,A,QB3,"search=EV battery connector robotic assembly insertion; filter=from_publication_date:2000-01-01,to_publication_date:2026-09-20; per-page=20","full text",2000,2026,,all,,271,"",completed_pilot_screen,"The first 20 results yielded S018 as adjacent battery-manufacturing robotics work; remaining visible results were mainly joining, disassembly or broad battery/robotics context rather than direct Pack EoL connector insertion"
BASELINE-WEB-001,2026-09-20,Web search,B,EQUIPMENT_BASELINE,"Official manufacturer searches for battery-pack end-of-line test automatic contacting; manual/automatic connector adaptation; Pack EoL transport and connection configurations",web index,,,English,"official supplier page or brochure","Primary-source equipment baseline only",4,"",completed_baseline_search,"Inspected official Marposs, thyssenkrupp, HORIBA and BBS materials; S019 and S020 were retained as the most explicit same-task configuration baselines. This is an industry-baseline search, not a substitute for the formal academic database runs."
OA-R2-Q1-01,2026-09-22,OpenAlex,A,QB4,"filter=title_and_abstract.search:""connector insertion"" OR ""connector mating"" AND (robot OR robotic OR automation) AND (force OR alignment OR compliance OR recovery),from_publication_date:2000-01-01,to_publication_date:2026-09-20","title_and_abstract",2000,2026,,all,,14,"",completed_initial_screen,"Targeted R2 mechanism search (residual error / force / alignment / recovery). 14 mostly CROSS_INDUSTRY connector-mating hits; new fault-tolerant mating and error-recovery sources support contact/recovery mechanisms but not Pack EoL performance."
OA-R5-Q2-01,2026-09-22,OpenAlex,A,QB4,"filter=title_and_abstract.search:(""insertion verification"" OR ""connection verification"" OR ""mating detection"") AND (connector OR plug OR harness),from_publication_date:2000-01-01,to_publication_date:2026-09-20","title_and_abstract",2000,2026,,all,,7,"",completed_no_relevant_hits,"All 7 hits are off-topic (shaft coupling, precast structures, editorials). completion-criterion terms are rare in titles/abstracts, so confirmation evidence must come from connector-mating full text rather than a dedicated verification literature."
OA-R3-Q3-01,2026-09-22,OpenAlex,A,QB2b,"filter=title_and_abstract.search:(""battery test"" OR ""battery testing"") AND (""high voltage"" OR ""high-voltage"" OR interlock) AND (robot OR automation),from_publication_date:2000-01-01,to_publication_date:2026-09-20","title_and_abstract",2000,2026,,all,,1,"",completed_no_relevant_hits,"Single hit is off-topic. Zero relevant hits is a genuine negative result: target-station HV/interlock/de-energization sequence remains UNKNOWN in public literature, not a claim that no safety configuration exists."
OA-R2-Q5-01,2026-09-22,OpenAlex,A,QB4,"filter=title_and_abstract.search:(""force control"" OR ""admittance control"" OR ""impedance control"") AND (connector OR plug OR socket),from_publication_date:2000-01-01,to_publication_date:2026-09-20","title_and_abstract",2000,2026,,all,,341,"",completed_initial_screen,"Targeted R2 force-control + connector search (G2 force upper bound). 341 hits heavily polluted by power-electronics microgrid papers reusing impedance/admittance control, so only the connector-assembly subset is relevant. Overlaps R2-Q1 by re-finding S025 (Song 2017). Retained S028-S031 as force/position/tolerance insertion mechanisms; none are Pack EoL direct evidence."
OA-R1-Q4-01,2026-09-22,OpenAlex,A,QB4,"filter=title_and_abstract.search:(""wire harness"" OR ""cable harness"" OR ""deformable linear object"") AND (robot OR automation) AND (manipulation OR assembly OR handling),from_publication_date:2000-01-01,to_publication_date:2026-09-20","title_and_abstract",2000,2026,,all,,384,"",completed_initial_screen,"Targeted R1 flexible-object mechanism search (harness/DLO). 384 hits dominated by generic DLO path-planning/modeling, mostly E4_WRONG_TASK for the connector-adaptation contact layer. Retained S032-S033 as harness testing/review sources; Jiang 2011 Robotized wire harness (Advanced Robotics) noted but not shortlisted as closed access and redundant with S004. None are Pack EoL direct evidence."
DISCOVERY-WEB-008,2026-09-28,Web search,A,QB2a,battery pack end of line robot connector insertion manufacturing research paper DOI,web index,,,,,,,,discovery_only,Targeted discovery check only; visible results mainly recovered known cross-lifecycle connector work S017 and battery-testing context. No new direct manufacturing Pack EoL paper was verified from this run; this is not a formal database or null-result claim.
DISCOVERY-WEB-009,2026-09-28,Web search,A,QB2a,robotic battery pack end-of-line testing electrical connector industrial robot paper,web index,,,,,,,,discovery_only,Targeted discovery check only; visible closest research concerned retired-module EIS testing S001/S002 or non-robotic cell testing. Formal Boolean database runs remain pending.
DISCOVERY-WEB-010,2026-09-28,Web search,A,QB3,lithium ion battery manufacturing robotic test connector handling end of line academic,web index,,,,,,,,discovery_only,"Targeted discovery check only; a supplier cell-testing robot configuration appeared, but it is CELL level and not the current PACK connector-adaptation task. Preserve as a possible adjacent pointer without opening another case."
