record_id,title,authors_or_organization,year,publication_date,publication_type,venue_or_source,doi,arxiv_or_other_id,url,language,source_platforms,query_run_ids,source_type,production_level,lifecycle_stage,task_family,architecture_category,abstract_or_summary,duplicate_of,title_abstract_decision,title_abstract_exclusion_reason,full_text_status,local_full_text_path,full_text_decision,full_text_exclusion_reason,case_relation,related_rq,screened_by,screening_date,notes
S001,"Towards robotizing the processes of testing lithium-ion batteries","Alireza Rastegarpanah; Mohamed Ahmeid; Naresh Marturi; Pierrot S. Attidekou; Muhammad Musbahu; Rohit Ner; Simon Lambert; Rustam Stolkin",2021,2021-03-05,journal-article,"Proceedings of the Institution of Mechanical Engineers Part I: Journal of Systems and Control Engineering",10.1177/0959651821998599,,"https://research.birmingham.ac.uk/en/publications/towards-robotizing-the-processes-of-testing-lithium-ion-batteries/",English,"University of Birmingham; SAGE",DISCOVERY-WEB-001,PEER_REVIEWED_ARTICLE,MODULE,END_OF_FIRST_LIFE,"robotic battery testing; terminal contact","collaborative robot testbed; two robot arms","Automated EIS testing of a retired Nissan Leaf battery module using custom EOAT, vision and compliant contact.",,include,,open_pdf,,include,,DIRECT_BATTERY_TESTING_OTHER_LEVEL_OR_SETUP,"RQ1;RQ2",Codex,2026-09-20,"Closest work but not manufacturing end-of-line; use only through explicit cross-lifecycle transfer"
S002,"Advanced robotics for automated EV battery testing using electrochemical impedance spectroscopy","Alireza Rastegarpanah; Cesar Alan Contreras; Mohamed Ahmeid; Mohammed Eesa Asif; Enrico Villagrossi; Rustam Stolkin",2025,2025-01-10,journal-article,"Frontiers in Robotics and AI",10.3389/frobt.2024.1493869,,"https://www.frontiersin.org/journals/robotics-and-ai/articles/10.3389/frobt.2024.1493869/full",English,"Frontiers; Aston Research Explorer",DISCOVERY-WEB-002,PEER_REVIEWED_ARTICLE,MODULE,END_OF_FIRST_LIFE,"robotic battery testing; terminal contact","rail-mounted industrial robot","Robotic EIS testing of stacks of retired EV battery modules using an industrial robot, EOAT and compliant contact.",,include,,open_pdf,,include,,DIRECT_BATTERY_TESTING_OTHER_LEVEL_OR_SETUP,"RQ1;RQ2;RQ3",Codex,2026-09-20,"Very close task mechanics but circular-economy/end-of-first-life setting; not direct Pack manufacturing EoL evidence"
S003,"A systematic literature review of computer vision applications in robotized wire harness assembly","Hao Wang; Omkar Salunkhe; Walter Quadrini; Dan Lämkull; Fredrik Ore; Mélanie Despeisse; Luca Fumagalli; Johan Stahre; Björn Johansson",2024,2024-05-21,journal-article,"Advanced Engineering Informatics",10.1016/j.aei.2024.102596,,"https://research.chalmers.se/en/publication/541300",English,"Chalmers Research; Elsevier; OpenAlex",DISCOVERY-WEB-003,PEER_REVIEWED_REVIEW,NON_BATTERY_ANALOG,GENERAL_METHOD,"wire harness perception and assembly","robotic assembly; computer vision","Systematic review of computer-vision applications and challenges in robotized automotive wire-harness assembly.",,include,,needs_institution,,maybe,,CROSS_INDUSTRY_TASK_ANALOG,"RQ1;RQ2;RQ3",Codex,2026-09-20,"OpenAlex records the published article as closed; an open Chalmers licentiate thesis summarizes the review, but the final article full text has not been verified. Supports the perception landscape only through an explicit cross-industry boundary"
S004,"A dual-arm robotic system for automated multi-branch wire harness assembly in automotive industry","Pablo Malvido Fresnillo; Saigopal Vasudevan; Wael M. Mohammed; Jose A. Perez Garcia; Jose L. Martinez Lastra",2025,2025-10-30,journal-article,"Journal of Manufacturing Systems",10.1016/j.jmsy.2025.10.008,,"https://trepo.tuni.fi/bitstream/10024/231477/1/A_dual-arm_robotic_system.pdf",English,"ScienceDirect; Tampere University Trepo; Finna; OpenAlex",DISCOVERY-WEB-004,PEER_REVIEWED_ARTICLE,NON_BATTERY_ANALOG,GENERAL_METHOD,"multi-branch wire harness assembly","fixed dual-arm industrial robot","Task-level programming, cable separation, grasp-pose identification, tension management and entanglement avoidance for automotive wire-harness assembly.",,include,,open_pdf,,include,,CROSS_INDUSTRY_TASK_ANALOG,"RQ1;RQ2",Codex,2026-09-20,"Full text verified via Tampere University's repository. It supports configuration-specific flexible-harness mechanisms; its product geometry, setup and success rates do not transfer to Pack EoL"
S005,"Robot-based, sensitive mating of electrical connectors using automatically designed gripper jaws","Daniel Gebauer; Alexander Roith; Jonas Dirr; Rüdiger Daub",2024,2024-01-01,conference-article,"Procedia CIRP 130",10.1016/j.procir.2024.10.176,,"https://www.sciencedirect.com/science/article/pii/S2212827124013337",English,"ScienceDirect; mediaTUM; Fraunhofer Publica",DISCOVERY-WEB-005,CONFERENCE_PAPER,NON_BATTERY_ANALOG,GENERAL_METHOD,"electrical connector mating","fixed industrial robot; force-controlled joining","Sensitive joining strategies were evaluated for mating multiple high-voltage electrical connectors under in-hand pose uncertainty.",,include,,open_pdf,,include,,CROSS_INDUSTRY_TASK_ANALOG,"RQ1;RQ2",Codex,2026-09-20,"Full-text extraction completed. Strong mechanism analogue for contact-rich insertion, but connector geometry, permissible forces and reported performance do not transfer to Pack EoL"
S006,"Geometry and Force Guided Robotic Assembly With Large Initial Deviations for Electrical Connectors","Zhenyu Wang; Xiangfei Li; Huan Zhao; Lingjun Shao; Xiaolong Ma; Huaiwu Zou; Han Ding",2025,2025-01-01,journal-article,"IEEE Transactions on Automation Science and Engineering 22",10.1109/TASE.2024.3477918,,"https://ieeexplore.ieee.org/document/10722037/",English,"IEEE Xplore; metadata discovery",DISCOVERY-WEB-006,PEER_REVIEWED_ARTICLE,NON_BATTERY_ANALOG,GENERAL_METHOD,"electrical connector mating","robotic assembly with geometry and force guidance","Geometry- and force-guided assembly addresses electrical connectors with large initial deviations and constrained visual access.",,include,,needs_institution,,maybe,,CROSS_INDUSTRY_TASK_ANALOG,"RQ1;RQ2",Codex,2026-09-20,"Potential R2 evidence; detailed claims remain PENDING_FULLTEXT"
S007,"Deep Learning-Based Connector Detection for Robotized Assembly of Automotive Wire Harnesses","Hao Wang; Björn Johansson",2023,2023-09-24,conference-paper,"2023 IEEE 19th International Conference on Automation Science and Engineering",10.1109/CASE56687.2023.10260619,2309.13746,"https://arxiv.org/abs/2309.13746",English,"arXiv; IEEE",ARXIV-SEED-001,CONFERENCE_PAPER,NON_BATTERY_ANALOG,GENERAL_METHOD,"connector detection; wire harness assembly","vision-guided robotic assembly","Deep-learning connector detection was evaluated on a dataset of twenty automotive wire-harness connectors.",,include,,open_pdf,,include,,CROSS_INDUSTRY_TASK_ANALOG,"RQ1;RQ2",Codex,2026-09-20,"Supports connector perception mechanism; not insertion, Pack EoL or battery evidence"
S008,"Harnessing with Twisting: Single-Arm Deformable Linear Object Manipulation for Industrial Harnessing Task","Xiang Zhang; Hsien-Chung Lin; Yu Zhao; Masayoshi Tomizuka",2024,2024-10-14,conference-paper,"IROS 2024",,2410.10729,"https://arxiv.org/abs/2410.10729",English,arXiv,ARXIV-SEED-001,CONFERENCE_PAPER,NON_BATTERY_ANALOG,GENERAL_METHOD,"deformable linear object harnessing","single industrial robot with force/torque sensing","A single-arm pipeline uses twisting and force/torque sensing to control tension during industrial wire harnessing.",,include,,open_pdf,,include,,CROSS_INDUSTRY_TASK_ANALOG,"RQ1;RQ2",Codex,2026-09-20,"Supports flexible-object handling mechanisms; different fixture/task and no battery/HV context"
S009,"Planning and Control for Deformable Linear Object Manipulation","Burak Aksoy; John Wen",2025,2025-03-06,preprint,"arXiv",10.1109/TASE.2025.3635685,2503.04007,"https://arxiv.org/abs/2503.04007",English,arXiv,ARXIV-SEED-001,PREPRINT,NON_BATTERY_ANALOG,GENERAL_METHOD,"deformable linear object manipulation","mobile manipulator","Planning and control framework for collision-free DLO manipulation with simulations and non-battery real-world demonstrations.",,maybe,,open_pdf,,maybe,,CROSS_INDUSTRY_TASK_ANALOG,"RQ1;RQ2",Codex,2026-09-20,"Potentially too general; retain only if mobility/DLO mechanism maps to an explicit Pack EoL claim"
S010,"Certifiably Safe Manipulation of Deformable Linear Objects via Joint Shape and Tension Prediction","Yiting Zhang; Shichen Li",2025,2025-05-20,workshop-preprint,"ICRA 2025 Workshop",,2505.13889,"https://arxiv.org/abs/2505.13889",English,arXiv,ARXIV-SEED-001,PREPRINT,NON_BATTERY_ANALOG,GENERAL_METHOD,"DLO shape and tension prediction","7-DOF robotic arm; simulation","Predictive shape and tension model for safety-constrained DLO manipulation evaluated in a simulated wire-harness task.",,maybe,,open_pdf,,maybe,,CROSS_INDUSTRY_TASK_ANALOG,"RQ1;RQ2",Codex,2026-09-20,"Simulation-only and non-battery; useful only for a narrowly phrased tension/safety mechanism claim"
S011,"A World First! Embodied AI Robots Achieve Large-Scale Deployment in CATL Battery Production Line","Spirit AI Robotics",,,company-news,"Spirit AI News",,,"https://www.spirit-ai.com/en/news/23",English,"Spirit AI",DISCOVERY-WEB-007,DIRECT_COMPANY_DISCLOSURE,PACK,MANUFACTURING,"Pack manufacturing end-of-line and DCR test-connector handling","humanoid/mobile dual-arm system Moz","Company disclosure describes Pack-line connector insertion, flexible harness plugging/unplugging and connection-status inspection and reports performance claims.",,include,,html_not_pdf,,include,,DIRECT_PACK_EOL,"RQ1;RQ2;RQ3",Codex,2026-09-20,"Direct task anchor only; publication date and all 99%, cycle-time, workload and scale claims require explicit company-reported wording and are not independently validated"
S012,"Production Process of Battery Modules and Battery Packs","VDMA; PEM RWTH Aachen University",2026,2026-03-01,industry-association-report,"VDMA Battery Production",,,"https://www.vdma.eu/documents/34570/35405938/Production%2BProcess%2Bof%2BBattery%2BModules%2Band%2BBattery%2BPacks%2B%282026-03%29.pdf/c0b5ed59-8713-074d-5db2-fab4fee69410",English,"VDMA; PEM RWTH Aachen",SEED-W06,INDUSTRY_ASSOCIATION_REPORT,CROSS_LEVEL,MANUFACTURING,"module and pack production process","process baseline","Industry reference process chain for module and pack production.",,include,,open_pdf,,include,,CONTEXT_ONLY,"RQ1;RQ3",Codex,2026-09-20,"Use for process context and terminology, not proof of a specific CATL station or robot architecture"
S013,"Baseline Field Testing of BB-2590 Lithium-Ion Batteries using an iRobot FasTac 510 Robot",,2010,,report,,10.21236/ada535773,W106896830,"https://openalex.org/W106896830",English,OpenAlex,OA-QB2B-01,ACADEMIC_THESIS_OR_REPORT,UNRESOLVED,USE_OR_SERVICE,"battery testing of a robot platform",iRobot platform,"Tests batteries used by a robot; the robot is not the manipulator performing the battery-test contact task.",,exclude,E3_NO_ROBOTICS_DECISION,unknown,,exclude,E3_NO_ROBOTICS_DECISION,CONTEXT_ONLY,,Codex,2026-09-20,"False positive caused by the phrase robotic battery testing"
S014,"Robot Battery Rundown Test Plan, PackBot Modernization Project",,2012,,report,,10.21236/ada569661,W214003587,"https://openalex.org/W214003587",English,OpenAlex,OA-QB2B-01,ACADEMIC_THESIS_OR_REPORT,UNRESOLVED,USE_OR_SERVICE,"battery test plan for a robot platform",PackBot,"Concerns testing a robot's own battery rather than robotized battery testing.",,exclude,E3_NO_ROBOTICS_DECISION,unknown,,exclude,E3_NO_ROBOTICS_DECISION,CONTEXT_ONLY,,Codex,2026-09-20,"False positive"
S015,"Advanced robotics for automated EV battery testing using electrochemical impedance spectroscopy",,2024,,journal-article,,,,,English,OpenAlex,OA-QB2B-01,PEER_REVIEWED_ARTICLE,MODULE,END_OF_FIRST_LIFE,"robotic battery testing; terminal contact","industrial robot",OpenAlex duplicate/alternate record of S002,S002,exclude,E7_DUPLICATE,unknown,,exclude,E7_DUPLICATE,DIRECT_BATTERY_TESTING_OTHER_LEVEL_OR_SETUP,"RQ1;RQ2;RQ3",Codex,2026-09-20,"Primary DOI record retained as S002"
S016,"Lithium Ion Battery Risk Reduction Testing in Support of Robotic Lander Vehicles",,2013,,article,,,W756459479,"https://openalex.org/W756459479",English,OpenAlex,OA-QB2B-01,PEER_REVIEWED_ARTICLE,UNRESOLVED,USE_OR_SERVICE,"battery testing for robotic lander vehicles","robotic lander context","Concerns battery risk-reduction testing for robotic vehicles, not a robot manipulating a battery test connector.",,exclude,E3_NO_ROBOTICS_DECISION,unknown,,exclude,E3_NO_ROBOTICS_DECISION,CONTEXT_ONLY,,Codex,2026-09-20,"False positive"
S017,"Robotic disassembly of snap-fit plug connectors in end-of-life electric vehicle batteries","Jun Huang; Quanyong Huang; Yuqin Zeng; Muyao Tan; Zhenfeng Peng; Huawei Song; Xiuyi Ao; Duc Pham",2026,2026-04-01,journal-article,"Robotics and Computer-Integrated Manufacturing 98",10.1016/j.rcim.2025.103183,W7106286325,"https://research.birmingham.ac.uk/en/publications/robotic-disassembly-of-snap-fit-plug-connectors-in-end-of-life-el/",English,"OpenAlex; ScienceDirect; University of Birmingham",OA-QB3-01,PEER_REVIEWED_ARTICLE,PACK,RECYCLING_OR_DISASSEMBLY,"snap-fit plug connector removal","collaborative robot; force/position control; custom tool","Robotic removal of snap-fit plug connectors from end-of-life EV batteries, including laboratory experiments and a battery case study.",,maybe,,open_pdf,,maybe,,CROSS_LIFECYCLE_BATTERY_ANALOG,"RQ1;RQ2",Codex,2026-09-20,"Strong battery connector analogue but opposite action and lifecycle; assess only after explicit insertion/removal equivalence audit"
S018,"Enabling the Electric Future of Mobility: Robotic Automation for Electric Vehicle Battery Assembly","Ajit Sharma; Philip Zanotti; Laxmi P. Musunur",2019,2019-11-15,journal-article,"IEEE Access 7",10.1109/ACCESS.2019.2953712,,"https://ieeexplore.ieee.org/document/8902005/",English,"IEEE Xplore; OpenAlex",OA-QB3-FIELD-03,PEER_REVIEWED_ARTICLE,MODULE,MANUFACTURING,"EV battery module assembly; inspection; final testing process boundary","fixed industrial robots; simulated work cells","The paper derives and simulates robot work cells for EV battery module assembly and describes testing and certification as the final broad battery-system assembly stage.",,include,,html_not_pdf,,include,,ADJACENT_BATTERY_MANUFACTURING,"RQ1;RQ2;RQ3",Codex,2026-09-20,"Gold-OA metadata and full official IEEE HTML were verified; the PDF endpoint returned HTML in this environment. This is direct battery-manufacturing research but its detailed work cells are module assembly simulations, not deployed Pack EoL connector handling"
S019,"Electrical Test Of Battery Packs","Marposs S.p.A.",2026,,official-equipment-page,"Marposs",,,"https://www.marposs.com/eng/application/electrical-test-battery-pack",English,Marposs,BASELINE-WEB-001,EQUIPMENT_SUPPLIER,PACK,MANUFACTURING,"Pack EoL electrical testing; manual or automatic cable connection","manual connector adaptation; automatic connection; AGV pack handling","Official supplier page distinguishes semi-automatic operator connection from fully automated AGV-handled Pack testing and separately lists manual/automatic part handling and manual/automatic power-and-signal cable connection.",,include,,html_not_pdf,,include,,DIRECT_PACK_EOL_EQUIPMENT_BASELINE,"RQ1;RQ2;RQ3",Codex,2026-09-20,"Use as same-task industry baseline. Supplier specifications and claims do not establish deployed prevalence, comparative performance or superiority. The published 3-30 minute range is a pulse-power test cycle, not connector-handling time."
S020,"Testing solutions — Battery End of Line test","thyssenkrupp System Engineering",2019,,official-equipment-brochure,"thyssenkrupp System Engineering",,,"https://ucpcdn.thyssenkrupp.com/_legacy/UCPthyssenkruppBAISSystemEngineering/assets.files/automobilindustrie/future-automotive-factory/tech-days/06_testingsolutions.pdf",English,thyssenkrupp,BASELINE-WEB-001,EQUIPMENT_SUPPLIER,PACK,MANUFACTURING,"Battery EoL testing; Pack loading and HV/communication connection","conveyor plus automatic connection; AGV plus manual/automatic adaptation; trolley plus manual connection","Official brochure page 3 presents three Pack-loading and connector-adaptation combinations and associated safety/monitoring features.",,include,,open_pdf,,include,,DIRECT_PACK_EOL_EQUIPMENT_BASELINE,"RQ1;RQ2;RQ3",Codex,2026-09-20,"Use as configuration baseline and evidence that transport and connector adaptation are separate design axes. It does not disclose the internal automatic-adaptation mechanism or comparative performance."
