claim_id,claim_group,related_rq,case_id,production_level,lifecycle_stage,claim_text,claim_scope,source_id,source_type,case_relation,exact_printed_page,pdf_page_index,section_figure_table_or_paragraph,evidence_extract_or_close_paraphrase,inference_chain,supported_conclusion,unsupported_extension_or_transfer_limit,audit_status,unresolved_evidence_need,audited_by,audit_date,notes
C001,case_existence,"RQ1;RQ2",PACK-EOL,PACK,MANUFACTURING,"A humanoid/mobile dual-arm system has been disclosed performing battery-pack test-connector insertion in manufacturing EoL/DCR operations.","Company-reported deployment existence only",S011,DIRECT_COMPANY_DISCLOSURE,DIRECT_PACK_EOL,,,"Spirit AI page paragraphs corresponding to captured lines 17-18","Spirit AI describes Moz inserting battery connectors in PACK-line EOL and DCR final functional testing.","Direct company disclosure → task/deployment anchor","Spirit AI has publicly disclosed this task and deployment context.","Does not independently establish scale, reliability, cycle time, economics, station architecture or general suitability.",RETAIN_DIRECT,"Verify publication date and preserve a dated capture; seek independent corroboration if used beyond deployment existence",Codex,2026-09-20,"Use wording such as 'Spirit AI reports/discloses'"
C002,R1,"RQ1;RQ2",PACK-EOL,PACK,MANUFACTURING,"The disclosed Pack EoL task includes plugging and unplugging a flexible wiring harness.","Company-reported task feature",S011,DIRECT_COMPANY_DISCLOSURE,DIRECT_PACK_EOL,,,"Spirit AI page paragraph corresponding to captured line 23","Company states Moz adjusts force while plugging or unplugging flexible wiring harnesses.","Direct company task description → target object/task anchor","Flexible-harness plugging/unplugging is part of the disclosed application.","Harness length, stiffness, mass, connector geometry, grasp points and actual control implementation remain unknown.",RETAIN_DIRECT,"Obtain independent/equipment evidence for harness specifications and handling requirements",Codex,2026-09-20,"Do not convert 'dynamically adjusts force' into a verified control architecture without technical evidence"
C003,R3,"RQ1;RQ2;RQ3",PACK-EOL,PACK,MANUFACTURING,"Electrical/HV safety is a relevant requirement for the disclosed Pack test-connector task.","Task relevance; not a complete safety concept",S011,DIRECT_COMPANY_DISCLOSURE,DIRECT_PACK_EOL,,,"Spirit AI page paragraphs corresponding to captured lines 18-19","Company describes test connectors carrying several hundred volts and a high-voltage arcing risk.","Direct task disclosure → safety relevance","The application requires explicit treatment of electrical/HV safety in the assessment.","Does not reveal energized/de-energized state, HVIL, interlocks, safe sequence, standards compliance or actual incident risk.",RETAIN_CONDITIONAL,"Find manufacturing/equipment/standard evidence for safe-state and interlock requirements; verify actual target connector electrical state",Codex,2026-09-20,"R3 remains a gate, but the CATL site implementation is UNKNOWN"
C004,responsibility_boundary,"RQ1;RQ3",PACK-EOL,PACK,MANUFACTURING,"Robot handles the connector while tester, PLC/safety, MES and fixture have the exact Week 06 responsibility split.","Reference architecture, not observed CATL configuration",W06-DAY2,ENGINEERING_INFERENCE,DIRECT_PACK_EOL,,,"Week 06 day2 responsibility map","The map separates physical manipulation, test execution, permissions/interlocks, traceability and positioning.","Engineering decomposition → analysis structure","The decomposition is useful as a hypothesis and data-extraction frame.","It is not evidence of the actual CATL/Spirit AI station responsibility allocation.",DOWNGRADE_ASSUMPTION,"Find same-configuration equipment documents, standards or expert confirmation for actual ownership and handshakes",Codex,2026-09-20,"Keep in Method/Case Charter as a reference model, not in Results as observed fact"
C005,R1,"RQ1;RQ2",PACK-EOL,PACK,MANUFACTURING,"Flexible-harness state and handling requirements can depend on deformation, grasping and entanglement/tension management.","Cross-industry physical mechanism",S003,PEER_REVIEWED_REVIEW,CROSS_INDUSTRY_TASK_ANALOG,,,Abstract,"Review frames robotic wire-harness assembly as deformable-linear-object manipulation requiring perception in changing conditions.","Automotive wire-harness assembly mechanism → bounded Pack EoL transfer","DLO perception and changing geometry are relevant candidate capability dimensions.","Does not prove the CATL harness exhibits each difficulty or quantify Pack EoL performance.",PENDING_FULLTEXT,"Extract exact review sections and task taxonomy; document battery equivalence/non-equivalence",Codex,2026-09-20,"Potential RETAIN_CONDITIONAL after full-text extraction"
C005,R1,"RQ1;RQ2",PACK-EOL,PACK,MANUFACTURING,"Flexible-harness state and handling requirements can depend on deformation, grasping and entanglement/tension management.","Cross-industry physical mechanism",S004,PEER_REVIEWED_ARTICLE,CROSS_INDUSTRY_TASK_ANALOG,"578; 588-595","1; 11-18","Introduction; Sections 3.2-3.4; Sections 4.1-4.3; Conclusion","The tested automotive configuration uses a fixed dual-arm industrial robot, cameras, wrist force/torque sensors, specialized grippers and fixtures for multi-branch harness separation, routing, tension control and entanglement avoidance; full-sequence failures show the cumulative difficulty of cable separation and entanglement.","Automotive multi-branch harness experiment → bounded physical-mechanism and configuration transfer","Deformation-dependent perception, grasp selection, cable separation, tension handling, error detection and entanglement avoidance are evidenced capability dimensions in a related industrial harness task.","The Pack EoL harness is not shown to have the same branch structure, cable length, routing task, fixtures or error modes; the dual-arm choice and the reported 55%/73% sequence results do not transfer.",RETAIN_CONDITIONAL,"Verify target Pack harness geometry, connector-to-cable arrangement, grasp freedom, permitted tension, routing distance and whether a second arm is actually used",Codex,2026-09-20,"Full-text audit completed via Tampere University Trepo; cite as cross-industry evidence, never as battery evidence"
C005,R1,"RQ1;RQ2",PACK-EOL,PACK,MANUFACTURING,"Flexible-harness state and handling requirements can depend on deformation, grasping and entanglement/tension management.","Cross-industry physical mechanism",S008,CONFERENCE_PAPER,CROSS_INDUSTRY_TASK_ANALOG,,,Abstract,"Single-arm harnessing method uses force/torque sensing and twisting to generate and control wire tension during clamp insertion.","Industrial harnessing mechanism → possible capability dimension","Tension management can be an explicit robot capability in some industrial harness tasks.","Different task, fixtures and cable constraints; does not prove Pack EoL needs twisting or the same controller.",PENDING_FULLTEXT,"Extract task geometry and transfer boundary",Codex,2026-09-20,"Do not generalize a particular solution into a universal requirement"
C006,R2,"RQ1;RQ2",PACK-EOL,PACK,MANUFACTURING,"Electrical connector mating with pose uncertainty can require sensitive/compliant joining and force-guided recovery.","Cross-industry connector-mating mechanism",S005,CONFERENCE_PAPER,CROSS_INDUSTRY_TASK_ANALOG,"861; 865-866","0; 4-5","Abstract; Sections 7.1, 7.2 and 8; Table 3","Three high-voltage connector types were tested with a robot, two-jaw gripper, flange force/torque sensor and sensitive joining strategies; most in-hand pose deviations were compensated within the tested uncertainty space.","Electrical connector mating experiment → bounded Pack EoL mechanism","Compliance/force-sensitive joining is a supported candidate capability for connector mating under defined pose uncertainty.","Not a battery Pack EoL setup; the authors warn that transfer to finer-tolerance connectors requires separate examination, and the tested plugs/sockets lacked all electrical connections.",RETAIN_CONDITIONAL,"Identify target Pack connector geometry, tolerance, supplied pose uncertainty, full electrical configuration and permissible forces",Codex,2026-09-20,"Full-text audit completed; experimental force parameters were empirically selected and must not transfer"
C006,R2,"RQ1;RQ2",PACK-EOL,PACK,MANUFACTURING,"Electrical connector mating with large initial deviations can use geometry and force guidance.","Cross-industry connector-mating mechanism",S006,PEER_REVIEWED_ARTICLE,CROSS_INDUSTRY_TASK_ANALOG,,,"IEEE abstract; Introduction opening","The official IEEE page describes a UR5 experiment that divides assembly into contact-state establishment and plug/socket alignment using force/torque information under confined or visually occluded conditions.","Connector assembly evidence → possible Pack EoL capability","Geometry/contact-state and force guidance are relevant configuration questions when connector pose uncertainty or visual occlusion exists.","Only the official abstract and opening text were accessible; no detailed result or target-connector applicability can be claimed, and the paper is not a battery study.",PENDING_FULLTEXT,"Use RWTH/IEEE institutional access or author copy to verify geometry, deviation range, failure cases and results",Codex,2026-09-20,"Official IEEE abstract verified; do not use numerical or robustness claims until full text is checked"
C007,architecture_claim,"RQ2",PACK-EOL,PACK,MANUFACTURING,"Dedicated automation as a class has no vision, force sensing or failure recovery.","Technology-class generalization",W06-DAY4,ENGINEERING_INFERENCE,METHOD_ONLY,,,"Week 06 architecture comparison","Earlier learning material sometimes contrasted dedicated automation through absent sensing/recovery.","Class label → assumed configuration","No class-wide conclusion is supportable.","Dedicated systems may include sensing, force/electrical confirmation and recovery depending on configuration.",REMOVE_UNSUPPORTED,"Replace with configuration-specific fields for sensing, compliance, confirmation and recovery",Codex,2026-09-20,"Important correction for Framework v1.0"
C008,architecture_claim,"RQ2",PACK-EOL,PACK,MANUFACTURING,"Fixed industrial robots as a class provide force/torque control and flexible recovery.","Technology-class generalization",W06-DAY4,ENGINEERING_INFERENCE,METHOD_ONLY,,,"Week 06 architecture comparison","Earlier learning material treated F/T and recovery as typical class capabilities.","Class label → assumed capability","Only an evaluated robot configuration and peripherals can be judged.","Robot arms may lack F/T sensing, compliant software, suitable EOAT, perception or recovery logic.",REMOVE_UNSUPPORTED,"Define configuration-specific capability questions in Framework v1.0",Codex,2026-09-20,"Architecture category is not evidence of installed capability"
C009,humanoid_suitability,"RQ2;RQ3",PACK-EOL,PACK,MANUFACTURING,"Humanoid/mobile dual-arm systems are more suitable in high-variety, multi-station and brownfield Pack EoL settings.","Prospective scenario hypothesis",S011,DIRECT_COMPANY_DISCLOSURE,DIRECT_PACK_EOL,,,"Spirit AI page paragraphs corresponding to captured lines 18 and 27","Company describes multiple products/high flexibility and a humanoid performing connector and patrol tasks.","One disclosed case + system morphology → prospective condition hypothesis","Mobility/dual arms may be worth evaluating when the task portfolio actually uses those capabilities.","Does not demonstrate comparative superiority over fixed robots or dedicated automation, nor economic value or general brownfield suitability.",DOWNGRADE_ASSUMPTION,"Need like-for-like comparator evidence, station/task allocation, utilization, safety, reliability and cost data",Codex,2026-09-20,"Keep as scenario to test, not a result"
C010,scenario_thresholds,"RQ2",PACK-EOL,PACK,MANUFACTURING,"Specific thresholds such as 1–2, 3–5 or 5+ product models and daily/monthly changeover define architecture suitability.","Illustrative Week 06 thresholds",W06-DAY4,ENGINEERING_INFERENCE,METHOD_ONLY,,,"Week 06 scenarios and C1-C10 examples","Thresholds were introduced for teaching/scenario illustration rather than derived from sources.","Illustration → tentative scenario","They may be used only as explicitly hypothetical sensitivity inputs if useful.","They are not empirically established decision boundaries.",DOWNGRADE_ASSUMPTION,"Seek industrial/economic data or replace numerical bins with qualitative condition descriptions",Codex,2026-09-20,"Do not reproduce as factual cut-offs"
C011,R5,"RQ1;RQ2;RQ3",PACK-EOL,PACK,MANUFACTURING,"Connection-status inspection is part of the disclosed Moz application.","Company-reported task feature",S011,DIRECT_COMPANY_DISCLOSURE,DIRECT_PACK_EOL,,,"Spirit AI page paragraph corresponding to captured line 27","Company states the robot autonomously inspects wiring-harness connection status and reports anomalies.","Direct company task description → confirmation requirement relevance","Connection-status confirmation belongs in the target task analysis.","The sensing modality, criteria, false results, electrical verification and subsystem responsibility are unknown.",RETAIN_DIRECT,"Find independent/equipment evidence for confirmation methods and acceptance criteria",Codex,2026-09-20,"Phrase as company-reported task; do not infer multimodal confirmation"
C012,company_performance,"RQ2;RQ3",PACK-EOL,PACK,MANUFACTURING,"Spirit AI reports greater than 99% insertion success, human-level cycle time and tripled daily workload for Moz.","Company-reported performance claim only",S011,DIRECT_COMPANY_DISCLOSURE,DIRECT_PACK_EOL,,,"Spirit AI page paragraphs corresponding to captured lines 25 and 27","The company publishes the three performance statements without disclosed denominator, comparator protocol or independent validation.","Direct disclosure → report of claim","The statements may be documented as company-reported evidence.","They cannot establish independently verified performance, causality, scale, economic benefit or architecture superiority.",RETAIN_DIRECT,"Seek denominator, time period, product mix, failures, intervention rate, baseline and independent verification",Codex,2026-09-20,"If not essential, omit numerical marketing claims from thesis argument"
C013,closest_work,"RQ1;RQ2",PACK-EOL,MODULE,END_OF_FIRST_LIFE,"Peer-reviewed robotic lithium-ion battery testing with robot-controlled terminal contact exists.","Closest-work existence and boundary",S001,PEER_REVIEWED_ARTICLE,DIRECT_BATTERY_TESTING_OTHER_LEVEL_OR_SETUP,"article pp. 1, 6, 8, 13-14","1; 6; 8; 13-14","Abstract; Experimental setup—Task description and Safety protocols; Impedance control; Results/Table 1; Conclusion","The study uses visual servoing, a custom EOAT/potentiostat and impedance control to contact a retired Nissan Leaf module; it reports more than 30 trials and explicitly frames the result as retired-module grading.","Peer-reviewed closest work → novelty constraint and mechanism baseline","Robotized battery testing, compliant terminal contact and connection checking have direct prior art.","It is end-of-first-life module testing with exposed terminals, not manufacturing Pack end-of-line flexible connector handling or cross-architecture assessment; its force, time and success values do not transfer.",RETAIN_DIRECT,"Map exact equivalence/non-equivalence to the manufacturing Pack EoL task",Codex,2026-09-20,"Novelty cannot be 'robotic battery testing has not been studied'"
C013,closest_work,"RQ1;RQ2;RQ3",PACK-EOL,MODULE,END_OF_FIRST_LIFE,"Peer-reviewed industrial-robot lithium-ion battery testing with compliant terminal contact exists.","Closest-work existence and boundary",S002,PEER_REVIEWED_ARTICLE,DIRECT_BATTERY_TESTING_OTHER_LEVEL_OR_SETUP,,,"HTML Sections 1, 2, 3.1.4 and Conclusion","The study uses a rail-mounted KUKA KR20, EOAT/potentiostat and admittance control for EIS testing of stacks of retired modules; cell-door interlocks and operator T1 supervision are described.","Peer-reviewed closest work → novelty, architecture and safety baseline","Industrial-robot battery testing provides a close technical counterexample and configuration-specific capability baseline.","The study is end-of-first-life/second-life diagnostics and semi-automatic; it is not direct manufacturing Pack EoL evidence and does not compare all target architectures.",RETAIN_DIRECT,"Extract PDF page numbers if the PDF version is used in the thesis and map transfer limits",Codex,2026-09-20,"Use to narrow research need toward task-based cross-architecture conditional assessment"
C014,closest_work,"RQ1;RQ2",PACK-EOL,PACK,RECYCLING_OR_DISASSEMBLY,"Peer-reviewed robotic removal of snap-fit plug connectors from end-of-life EV batteries exists.","Cross-lifecycle battery connector analogue",S017,PEER_REVIEWED_ARTICLE,CROSS_LIFECYCLE_BATTERY_ANALOG,"article pp. 1-2, 15, 25","1-2; 14-15; 25","Abstract; Introduction; Section 5 and Figure 11; Conclusion","The study uses a collaborative robot, vision, six-axis force sensor and custom tool to remove snap-fit plug connectors from an end-of-life EV battery; it limits reliable handling to connectors in good condition.","Battery connector disassembly evidence → perception/contact/tooling analogue","Provides a direct battery-connector counterexample and configuration-specific mechanism source.","Removal is not insertion; snap-fit connector, retired battery state, safety sequence, quality objective and lifecycle differ from manufacturing Pack EoL.",RETAIN_DIRECT,"Complete insertion-versus-removal equivalence audit before using any mechanism beyond closest-work mapping",Codex,2026-09-20,"Do not merge manufacturing end-of-line and battery end-of-life evidence"
C015,R5,"RQ1;RQ2;RQ3",PACK-EOL,MODULE,END_OF_FIRST_LIFE,"Prior robotic battery testing used explicit checks to confirm electrical contact before or during measurement.","Cross-lifecycle confirmation mechanism",S001,PEER_REVIEWED_ARTICLE,DIRECT_BATTERY_TESTING_OTHER_LEVEL_OR_SETUP,"article pp. 1, 11-12","1; 11-12","Abstract; automated-test procedure","The 2021 testbed mounted an alarm system for potentiostat-terminal connectivity and measured open-circuit voltage before testing to verify the connection.","Battery terminal-contact testbed → bounded confirmation analogue","Connection confirmation is not merely conceptual; a battery-testing robot configuration used dedicated electrical checks.","The method does not establish the appropriate confirmation stack, thresholds or responsibility for a flexible Pack EoL connector.",RETAIN_CONDITIONAL,"Find manufacturing Pack EoL/equipment evidence for lock, electrical, visual and PLC acceptance criteria",Codex,2026-09-20,"Supports R5 as a capability dimension, not a universal implementation"
C016,R3,"RQ1;RQ2;RQ3",PACK-EOL,MODULE,END_OF_FIRST_LIFE,"A robotic battery-testing cell can require work-cell interlocks, controlled operating modes and compliant-force safeguards.","Cross-lifecycle safety-integration mechanism",S002,PEER_REVIEWED_ARTICLE,DIRECT_BATTERY_TESTING_OTHER_LEVEL_OR_SETUP,,,"HTML Section 3.1.4 Task procedure","The 2025 setup operates the robot only with closed cell doors and active interlock, uses operator T1 supervision, and applies force thresholds in admittance control.","Battery testbed safety implementation → bounded architecture/integration analogue","Safety integration must be assessed at robot-cell and contact-control levels for a concrete configuration.","This semi-automatic retired-module setup is not the CATL manufacturing station and does not establish its safe states, electrical interlocks or standards compliance.",RETAIN_CONDITIONAL,"Find relevant standards/equipment documentation and manufacturing Pack EoL safe-sequence evidence",Codex,2026-09-20,"Supports configuration-specific safety questions, not class-level safety claims"
C017,closest_work,"RQ1;RQ2;RQ3",PACK-EOL,MODULE,MANUFACTURING,"Peer-reviewed EV-battery manufacturing work has already used process requirements to propose and simulate fixed-robot work cells for module assembly, while representing testing and certification as the final broad battery-system assembly stage.","Adjacent battery-manufacturing method and process-boundary precedent",S018,PEER_REVIEWED_ARTICLE,ADJACENT_BATTERY_MANUFACTURING,,,"Sections IV and VIII-XVI; Limitations","The paper decomposes a reference EV battery module assembly process, consults automation experts, selects configuration-specific robot requirements, designs and simulates work cells, and explicitly limits its detailed scope to module assembly rather than Pack assembly.","Adjacent battery-manufacturing study → prior-method and scope precedent","Requirements-to-work-cell reasoning and simulated fixed-robot battery-module assembly are established prior approaches; testing/certification belongs in the broad manufacturing process boundary used by this source.","The work does not document a deployed Pack EoL connector station, does not study flexible test harness insertion, and does not validate cross-architecture conditional suitability; its simulated cycle-time or feasibility results must not be transferred.",RETAIN_DIRECT,"Use only as adjacent closest work; compare its requirement-selection logic with Framework v1.0 and seek Pack-specific test-equipment evidence",Codex,2026-09-20,"This further narrows novelty: the contribution cannot be generic task decomposition or generic robotic battery-assembly work-cell design"
C018,R1,"RQ1;RQ2",PACK-EOL,PACK,MANUFACTURING,"Because the task uses a flexible harness, online full-shape DLO estimation, closed-loop tension control and two robot arms are necessary.","Universal capability requirement asserted from the object class",W06-DAY3,ENGINEERING_INFERENCE,METHOD_ONLY,,,"Week 06 Day 3 R1 requirement discussion","Week 06 generalized candidate techniques from related wire-harness studies into target-task requirements.","Flexible object → selected techniques treated as necessary","Flexible-harness effects remain valid questions for the target configuration.","The target harness geometry, support, travel, branching and mechanical constraint strategy are unknown; fixtures, guides or a single-arm tool may remove or avoid these difficulties.",REMOVE_UNSUPPORTED,"Measure or document the target harness state variation and compare mechanical constraint, single-arm and dual-arm solutions",Codex,2026-09-20,"Replace universal requirement with auditable questions on state variation, support and task extent"
C019,R2,"RQ1;RQ2",PACK-EOL,PACK,MANUFACTURING,"Connector insertion necessarily requires a six-axis force/torque sensor and force-position hybrid control.","Universal implementation prescription",W06-DAY3,ENGINEERING_INFERENCE,METHOD_ONLY,,,"Week 06 Day 3 R2 requirement discussion","Week 06 promoted one family of sensitive-mating solutions into a universal requirement.","Contact-rich task → one sensing/control implementation treated as mandatory","Residual pose uncertainty, permissible contact loads, jamming detection and recovery must be assessed.","Mechanical guides, passive compliance, floating tools or dedicated docking can satisfy some connector tasks without the prescribed sensor/control stack.",REMOVE_UNSUPPORTED,"Obtain target connector tolerance, guiding features, supplied pose uncertainty, force limits and failure-recovery needs",Codex,2026-09-20,"Framework must evaluate the function provided, not require a preferred technology"
C020,R3,"RQ1;RQ2;RQ3",PACK-EOL,PACK,MANUFACTURING,"The target station follows the exact Week 06 safe-to-connect, test-enable, de-energize and safe-to-disconnect PLC sequence and uses HVIL as assumed.","Target-site safety implementation",W06-DAY2,ENGINEERING_INFERENCE,DIRECT_PACK_EOL,,,"Week 06 Day 2 reference cycle and Day 3 R3","The reference cycle separates test state from robot permission but is not based on same-site system documentation.","Systems reasoning → reference safety questions","A separate assessment of electrical state, action permission, interlocks and fault response is required.","The actual controller ownership, energized state, HVIL use, signal order and standards compliance are not established.",DOWNGRADE_ASSUMPTION,"Find manufacturing Pack EoL equipment or safety documentation and same-configuration implementation evidence",Codex,2026-09-20,"Keep as a reference state model and interview/document checklist only"
C021,R4,"RQ1;RQ2",PACK-EOL,PACK,MANUFACTURING,"The company-reported ability to handle different battery models proves automatic connector changeover, high-frequency mixed-model production and a multi-station advantage.","Transfer from broad flexibility claim to specific production conditions",S011,DIRECT_COMPANY_DISCLOSURE,DIRECT_PACK_EOL,,,"Spirit AI flexibility and workload statements","The disclosure places the system in a flexible multi-product context but does not publish the model count, connector differences, product sequence or changeover resources.","Broad company claim → detailed changeover mechanism","Product/interface variation is a relevant production-condition axis to investigate.","Automatic connector identification, tool change, mixed-model frequency, cross-station use and comparative advantage are not established.",DOWNGRADE_ASSUMPTION,"Obtain variant structure, changeover frequency, tool/fixture changes, station allocation and comparator data",Codex,2026-09-20,"Move R4 primarily to the production-condition layer"
C022,R6,"RQ1;RQ3",PACK-EOL,PACK,MANUFACTURING,"The target robot directly exchanges Pack identity, recipe and traceability data with MES and communicates with the tester through the exact Week 06 PLC topology.","Target-site information architecture",W06-DAY2,ENGINEERING_INFERENCE,DIRECT_PACK_EOL,,,"Week 06 Day 2 responsibility swimlane and Day 3 R6","The reference model closes identity, permission, test and result functions, but public target-case material does not disclose the interface topology.","Functional need → assumed component-to-component topology","Framework v1.0 must audit end-to-end data and control functions and their owners.","Direct Robot-MES communication, PLC mediation, message fields, protocols and traceability granularity are unknown.",DOWNGRADE_ASSUMPTION,"Find station architecture, interface specifications or expert confirmation; record function ownership separately from communication topology",Codex,2026-09-20,"Do not require a direct MES interface if a cell controller owns the function"
C023,R3,"RQ1;RQ2;RQ3",PACK-EOL,PACK,MANUFACTURING,"HV safety is unique to battery manufacturing and R3 is therefore the only completely battery-specific requirement.","Battery-specificity classification",W06-DAY3,ENGINEERING_INFERENCE,METHOD_ONLY,,,"Week 06 Day 3 battery-specific audit","Week 06 used a categorical generic/hybrid/battery-specific hierarchy to emphasize the importance of safety.","Application context → exclusivity claim","Battery-pack electrical state and safety consequences must be explicitly evaluated in this case.","High-voltage interfaces, de-energization and electrical interlocks also occur outside battery manufacturing; exclusivity is neither necessary nor evidenced.",REMOVE_UNSUPPORTED,"Replace uniqueness language with application-specific safety functions, consequences and acceptance criteria",Codex,2026-09-20,"R3 may be a non-compensable gate without claiming it is globally unique"
C024,equipment_baseline,"RQ1;RQ2;RQ3",PACK-EOL,PACK,MANUFACTURING,"Official Pack EoL equipment offerings include both manual and automatic electrical-connection configurations, so the realistic baseline is not a simple robot-versus-no-robot distinction.","Same-task equipment configuration existence",S019,EQUIPMENT_SUPPLIER,DIRECT_PACK_EOL_EQUIPMENT_BASELINE,,,"Official page lines 69-126","Marposs describes semi-automatic operator connection and fully automated Pack applications, and separately lists manual/automatic part handling and manual/automatic power-and-signal cable connection.","Official supplier configuration disclosure → same-task baseline","Manual connector adaptation and automatic connector adaptation are both legitimate Pack EoL reference configurations; Pack handling and cable connection are separate choices.","The page does not identify the automatic contacting mechanism, deployment prevalence, robot type, connector family, comparative reliability or economics.",RETAIN_DIRECT,"Obtain detailed automatic-adaptation design and same-boundary comparator data",Codex,2026-09-20,"Do not transfer the published pulse-power test duration into a connector-handling cycle time"
C024,equipment_baseline,"RQ1;RQ2;RQ3",PACK-EOL,PACK,MANUFACTURING,"Official Pack EoL equipment offerings include both manual and automatic electrical-connection configurations, so the realistic baseline is not a simple robot-versus-no-robot distinction.","Same-task equipment configuration existence",S020,EQUIPMENT_SUPPLIER,DIRECT_PACK_EOL_EQUIPMENT_BASELINE,"brochure p. 3","2","Battery End of Line test configuration panel","The brochure combines conveyor loading with automatic HV/communication connections, AGV loading with manual or automatic adaptation units, and trolley loading with manual connections.","Official supplier configuration disclosure → same-task baseline","Pack transportation and connector adaptation must be represented as independent configuration layers in Framework v1.0.","The brochure does not disclose adaptation-unit internals, permissible variants, changeover effort, cycle time, intervention rate or comparative cost.",RETAIN_DIRECT,"Find detailed connector-adaptation specifications and actual production-condition data",Codex,2026-09-20,"This source directly defeats the assumption that AGV loading implies mobile robotic connector manipulation"
C025,system_boundary,"RQ1;RQ2;RQ3",PACK-EOL,PACK,MANUFACTURING,"Pack EoL connector adaptation must be evaluated inside a station boundary that also includes transport/positioning, electrical-test functions, safety functions and data handling.","Functional system-boundary requirement",S019,EQUIPMENT_SUPPLIER,DIRECT_PACK_EOL_EQUIPMENT_BASELINE,,,"Official page lines 84-126","The disclosed Pack test station combines connection/disconnection, circuit-opening safety devices, thermal/fire monitoring, configurable electrical tests, PLC architecture, CAN logging and data logging.","Same-task equipment architecture → functional boundary","Framework v1.0 should separate but jointly audit connector adaptation, safety/test cell and information functions.","One supplier architecture does not establish the exact subsystem ownership or topology of the target CATL/Spirit AI station.",RETAIN_CONDITIONAL,"Triangulate with other suppliers, standards and target-site evidence",Codex,2026-09-20,"Supports a functional boundary, not a mandatory vendor-specific topology"
C025,system_boundary,"RQ1;RQ2;RQ3",PACK-EOL,PACK,MANUFACTURING,"Pack EoL connector adaptation must be evaluated inside a station boundary that also includes transport/positioning, electrical-test functions, safety functions and data handling.","Functional system-boundary requirement",S020,EQUIPMENT_SUPPLIER,DIRECT_PACK_EOL_EQUIPMENT_BASELINE,"brochure p. 3","2","Battery End of Line test configuration panel","The disclosed alternatives jointly specify Pack loading, HV/communication connection, test functions and safety guarding/area monitoring.","Second same-task supplier configuration → bounded triangulation","Transport, connection, test and safety are interacting configuration layers rather than properties of one robot category.","The brochure is a supplier description and does not reveal target-site control ownership, operational performance or data architecture.",RETAIN_CONDITIONAL,"Add standards or deployed-station evidence for gate logic, validation and performance",Codex,2026-09-20,"Use to structure the architecture, not to infer universal responsibility allocation"
C026,R5,"RQ1;RQ2;RQ3",PACK-EOL,PACK,MANUFACTURING,"Electrical connector mating completion can be detected online by combining a relative-displacement model with a force upper bound and multi-sensor monitoring, distinguishing successful completion from jamming faults.","Cross-industry mechanism; PCB board-level connector, lab setup",S024,PEER_REVIEWED_ARTICLE,CROSS_INDUSTRY_TASK_ANALOG,"670-674",,"Abstract; Section 3.3 (Algorithm 2); Section 4.3 (Table 1; Figs. 13-14)","Models completion via relative displacement Δz = z1 − z2 (removing phase shift from initial position error) and a four-phase piecewise-affine force model with an upper force limit F̄. Algorithm 2 declares success when Fz(t) ≥ F̄ and Δz approaches the end point Δẑ, and a jam fault when Fz(t) ≥ F̄ while Δz stays far below Δẑ; force outside set-membership prediction bounds also faults. Sensing combines a wrist force sensor, joint encoders and two CCD cameras (template matching). Experiments (Mitsubishi RV-1A 6-DOF, 5 mm/s): five training samples give four-phase bounds (Table 1); 100 successful samples, about 50 jammed cases (all detected) and 50 gripper-slip faults (quickly detected).","Lab connector-mating completion-monitoring mechanism → bounded R5 completion-criterion analogue","Connector mating completion is not a single threshold or single sensor; a relative-displacement PWA model plus a force upper bound and multi-sensor monitoring separates successful completion from jamming faults, supporting R5 as an explicit auditable function.","PCB board-level, vertically inserted connectors in a lab setup; not a battery Pack EoL flexible-harness/HV connector, contains no electrical-acceptance check (model is mechanical only), and its five-sample bounds and detection rates do not transfer.",RETAIN_CONDITIONAL,"Find Pack EoL/equipment electrical-acceptance criteria (lock, continuity, HVIL) and target-station completion-judgment ownership; determine whether mechanical insertion or electrical continuity actually gates completion.",Codex,2026-09-22,"Full text verified via Fuji Press diamond OA (CC BY-ND, JRM Vol.24 No.4, pp.666-676). Backward refs [15] Huang 2008 and [16] Huang 2010 are the older Sasaki/Fukuda-line papers for further chasing."
C027,R2,"RQ1;RQ2",PACK-EOL,PACK,MANUFACTURING,"Connector insertion can be completed at human-comparable speed while protecting parts through adaptive impedance control with an online-identified target model and a staged contact-force limit.","Cross-industry mechanism; FA-equipment internal cable connector, dual-robot industrial cell",S031,PEER_REVIEWED_ARTICLE,CROSS_INDUSTRY_TASK_ANALOG,"943; 946",,"Section 3.3 (Force Control; Fig. 10); Section 4.2 (Verification Results)","A 6-axis force/moment sensor adjusts the robot command value under impedance control; an LMS algorithm identifies target physical properties (rigidity, attenuation coefficient) online and changes control gain. A staged force limit separates the insertion-start phase (1st limit, reduces force on misalignment so parts are not damaged) from the full-push phase after connector-pin contact (2nd limit). Verification: intentionally displaced insertion positions were corrected in retry, and the system achieved human-comparable assembly time with safe stop under uncompensated positional displacement.","Industrial connector-insertion force control + staged force limit -> bounded G2 force-upper-bound mechanism","Adaptive impedance control with an online-identified model and a staged (initiation vs full-push) force limit is an evidenced configuration for protecting connectors and boards while maintaining insertion speed, supporting the force upper bound and safe stop as explicit auditable functions.","FA-equipment internal board-level cable connectors in a dual-robot cell under a NEDO project; not a battery Pack EoL flexible-harness/HV connector. The 120 N-class rated sensor, threshold values and cycle-time parity do not transfer to the target task.",RETAIN_CONDITIONAL,"Identify the target Pack connector's permissible insertion force, whether electrical mating (lock/HVIL) adds a separate acceptance stage, and whether the target station stages its force limit the same way",Codex,2026-09-22,"Full text verified via Fuji Press diamond OA (CC BY-ND, JRM Vol.23 No.6, pp.939-950, 2011). Mitsubishi Electric + Fukuda/Nagoya/Hokkaido/Toyama labs. Self-developed low-cost 6-axis force sensor rated 120 N force / 5 N-m moment, linearity 1.1% RO, resolution 0.2% RO."
C028,R2,"RQ1;RQ2",PACK-EOL,PACK,MANUFACTURING,"Connector insertion errors can be automatically detected from a learned force-vs-position abnormality threshold and recovered by selecting among multiple mechanically-motivated search strategies.","Cross-industry mechanism; FA-equipment internal cable connector",S031,PEER_REVIEWED_ARTICLE,CROSS_INDUSTRY_TASK_ANALOG,"944-945",,"Section 3.4 (Error Recovery; Figs. 13-15); Section 4.2","Error recovery is decomposed into three stages of error detection, error classification and recovery-method selection. Detection focuses on the moment generated by interference between the connector hole and socket pin and compares against an abnormality-determination force threshold derived from force-with-respect-to-position data recorded during successful work. Recovery selection picks among spiral search (contact face enabled, no guaranteed solution), probing search (lateral socket contact, solution guaranteed via error minimization, requires obstacle-free periphery) and binary search (one-dimensional search using connector-inclination height difference, for small holes and clearance) depending on connector shape, socket shape, peripheral space and search time. Verification: intentionally displaced insertion positions were detected and completed in retry operations.","Industrial connector-insertion error-recovery mechanism -> bounded G4 recovery-protocol analogue","Automatic connector-insertion recovery can be implemented as a detection-classification-selection pipeline whose detection criterion is a learned force-vs-position abnormality threshold, with multiple search strategies covering different connector geometries; this supports recovery as an auditable configuration function.","FA board-level cable connectors in an industrial cell; the specific threshold, search strategies and success rates do not transfer to a battery Pack EoL flexible-harness/HV connector, and the discard-and-retry lost-cable exception has no Pack EoL analogue.",RETAIN_CONDITIONAL,"Determine the target-station recovery protocol, retry limit, and whether jamming (force high, displacement low) is distinguished from misalignment in the target connector",Codex,2026-09-22,"Complements C026 (S024): both use a force-vs-position-relationship completion/fault criterion, but S031 adds explicit recovery-method selection. Adjacent screw-fixation SVM four-state classification (success/empty/failed/jammed, >97%, Table 1) is a related but non-connector task."
C029,R2,"RQ1;RQ2",PACK-EOL,PACK,MANUFACTURING,"Connector pose for insertion can be recognized from 3D sensing with sub-millimetre accuracy, and uncertain recognition can be guarded by repeated re-recognition plus discard-and-retry exception handling.","Cross-industry mechanism; FA-equipment internal cable connector",S031,PEER_REVIEWED_ARTICLE,CROSS_INDUSTRY_TASK_ANALOG,"941-942; 945-946",,"Section 3.2 (3D Vision Sensing; Figs. 6-9); Section 4.2","A structured-light 3D sensor (MEMS scanner, under 0.5 kg, 0.1% working-distance-ratio resolution) with a graspability algorithm raises bulk-cable extraction from under 50% to over 90%; connector positioning is computed by chamfer matching over many two-dimensional views of pre-modeled connectors, reaching a mean recognition accuracy of ±0.5 mm in 0.5 s per item with human-comparable extraction/alignment time. Verification: to handle ~10% recognition errors, connectors are re-recognized at multiple angles and a discard-and-pick-another-cable exception keeps the system stable.","Industrial flexible-object perception -> bounded G1 residual-source quantification and mitigation mechanism","Sub-millimetre connector-pose recognition combined with re-recognition confirmation and discard-and-retry exception handling is an evidenced way to bound and respond to residual pose uncertainty, supporting residual-source quantification as an auditable capability dimension.","FA board-level cable connectors with aligned jig/housing geometry under cell-production conditions; the ±0.5 mm figure is specific to this sensor-and-connector set, not a Pack EoL flexible-harness/HV-connector tolerance statement.",RETAIN_CONDITIONAL,"Obtain the target Pack connector supplied-pose uncertainty and tolerance relative to pose error, and whether mechanical guiding or vision removes the residual (link to S029 tolerance-vs-robot-error argument)",Codex,2026-09-22,"Recognition accuracy and graspability are configuration-specific, not a universal residual bound. Cross-reference S029 (tolerance vs robot position error) once its full text is verified."
C030,closest_work,"RQ2;RQ3",PACK-EOL,PACK,MANUFACTURING,"A systematic review of 11 collaborative-robotics papers in wire harness assembly confirms that none presents a cost-benefit or cycle-time analysis, leaving the economic and throughput impact of cobot introduction unquantified in this domain.","Secondary evidence; wire-harness assembly (cross-industry analogue for R1), 11 papers",S033,PEER_REVIEWED_REVIEW,CROSS_INDUSTRY_TASK_ANALOG,1,,"Abstract; Section 4 (Main Findings); Section 5 (Conclusions)","Eleven papers were found in the scientific literature. All papers demonstrated the potential of collaborative robots to improve productivity, and two of these addressed ergonomics. None of the papers reviewed presented a cost-benefit or a cycle time analysis to measure the impact of the incorporation of collaborative robots in the wire harness assembly process; this represents an important area of opportunity for research.","Peer-reviewed systematic review of the closest domain -> domain-level gap confirmation","The absence of cost-benefit / cycle-time quantification is not merely our own search miss; it is a confirmed gap in the closest reviewed literature on cobots for harness/DLO assembly, so RQ2/RQ3 economic and throughput claims must stay qualitative or scenario-based unless the target task is quantified.","Wire-harness assembly, not battery Pack EoL connector handling; it bounds expectations for RQ2/RQ3 but does not itself quantify the target task, and the 'none' statement is scoped to these 11 papers.",RETAIN_CONDITIONAL,"Confirm the review's coverage window and search method; treat as a domain-level gap (11 papers), not a universal null result across all robotics",Codex,2026-09-23,"Full text verified via MDPI gold OA (CC BY, Robotics 11(3):65, 2022). Note: distinct from the 2022-11 case study 10.3390/robotics11060131 by the same lead author."
C031,R1,"RQ1;RQ2",PACK-EOL,PACK,MANUFACTURING,"In reviewed harness-assembly cobot work, robotized tasks cluster on spot-taping, cable routing, wire insertion, cable-tie collocation and adhesive taping, while connector mating is only mentioned as an adjacent task without dedicated study; three papers emphasize computer vision for cross-harness versatility.","Secondary evidence; wire-harness assembly closest-work map",S033,PEER_REVIEWED_REVIEW,CROSS_INDUSTRY_TASK_ANALOG,,,"Table 1 (Section 3.4); Section 4.1-4.3 (Main Findings)","Reviewed tasks concentrate on spot-taping (Gualtieri, Ibanez, Sugiono), cable-routing, wire insertion, cable-tie collocation and adhesive taping; connector mating appears only alongside cable-routing as a listed task. Three papers (Nguyen & Yoon, Kicki, Yumbla) apply computer vision to identify harnesses or connector terminals and adapt to different harness types, reducing reprogramming.","Peer-reviewed review task map -> closest-work inventory for R1, showing connector mating is thin","Connector mating is an under-covered task in existing harness-assembly cobot research (spot-taping and routing dominate), supporting our treatment of connector adaptation as an under-evidenced contact-layer task rather than a solved reference.","Battery Pack EoL test-connector handling lies outside this review; the task map is a cross-industry analogue and does not include a test (as opposed to assembly) connector-mating analysis.",RETAIN_CONDITIONAL,"Retrieve and verify the specific connector-mating mention and whether any reviewed paper addresses a test-side (not assembly-side) connector mating",Codex,2026-09-23,"Same review as C030. The 'cable-routing and mating electric connectors' phrase is a single task listing in Section 2, not an analyzed case."
C032,R1,"RQ1;RQ2",PACK-EOL,PACK,MANUFACTURING,"A configured cobot cell (Universal Robots UR5 + OnRobot RG2 gripper + Cognex IS7905M vision) performs cable-tie collocation on a wire-harness board; vision detects board holes and passes their positions to the cobot via Modbus, letting the cell adapt to different harness types without reprogramming.","Cross-industry analogue mechanism (wire-harness assembly, not battery Pack EoL)",S034,PEER_REVIEWED_CASE_STUDY,CROSS_INDUSTRY_TASK_ANALOG,,,"Section 3 (Materials and Methods); Section 4 (Case Study)","The collaborative robot UR5 with an RG2 gripper and a Cognex IS7905M camera performs cable-tie collocation; the camera identifies holes on the harness board and positions are sent to the cobot through Modbus, with movement programmed in Polyscope. The vision system allows working with different types and forms of wire harnesses without changing the cobot programming.","Configured robot + vision -> object-state perception and adaptability, but gripper/placement correctness unverified","A cobot + vision configuration can localize a flexible harness-board object and adapt across harness variants without reprogramming, a concrete mechanism for the contact-layer object-state function.","Not battery Pack EoL; the gripper was NOT developed and collocation correctness was NOT assessed, so this is prototype/simulation-level evidence. The human still places the harness body on the board to avoid the difficulty cobots have with flexible materials.",RETAIN_CONDITIONAL,"Whether a production-ready gripper and placement verification would preserve the claimed adaptation; no battery-level transfer argument exists",Codex,2026-09-23,"Full text verified via MDPI gold OA (CC BY, Robotics 11(6):131, 2022-11-16). Sister case-study to review S033 (same lead author)."
C033,R1,"RQ2",PACK-EOL,PACK,MANUFACTURING,"The cobot-supported cable-tie cell quantifies an ergonomic improvement for the assembly worker (RULA from 7 to 4; JSI from 12 to 4.5), grounding a non-economic benefit of cobot introduction while cost and cycle time remain unquantified.","Cross-industry analogue; ergonomic dimension only",S034,PEER_REVIEWED_CASE_STUDY,CROSS_INDUSTRY_TASK_ANALOG,,,"Section 5 (Ergonomic Analysis); Section 6 (Discussion and Conclusions)","Without the cobot the task scored RULA 7 (urgent changes required) and JSI 12 (dangerous); with the cobot the scores reduced to RULA 4 and JSI 4.5 (below the maximum acceptable risk). The work is an early prototype and simulation; the gripper was not developed and the correctness of cable-tie collocation was not assessed.","Quantified ergonomic benefit -> one RQ2 dimension has quantified evidence; economic/throughput dimension still absent (consistent with C030)","Ergonomics is the one dimension in this closest cobot-for-harness case with a quantitative result, confirming that cost/cycle-time quantification is the recurring absence across the closest literature.","Early prototype and simulation, not a production deployment; ergonomic scores are task- and setup-specific and not transferable to battery Pack EoL.",RETAIN_CONDITIONAL,"Any independent reproduction; production-grade deployment and non-ergonomic (cost / cycle-time) quantification",Codex,2026-09-23,"Same source as C032. RULA/JSI values confirm a quantified ergonomic benefit, reinforcing S033's finding that economic/throughput analysis is absent."
